Model,Accuracy,Precision,Recall,F1
Model_1_Genis_ve_Kontrollu,0.6972878390201225,0.6896443929501441,0.6972878390201225,0.6926927591512377
Model_2_SGD_Optimize,0.6872265966754155,0.6781799293361619,0.6872265966754155,0.6817528705501327
