Model,Accuracy,Precision,Recall,F1
Model_1_Genis_ve_Kontrollu,0.7082239720034995,0.7002000146952357,0.7082239720034995,0.7032328837651061
Model_2_SGD_Optimize,0.6754155730533683,0.66762129488771,0.6754155730533683,0.6707155568560612
